Serial no, 36M-0681, FileVersion, 2
Index,TestType,Rpe (Ohm),Voc (VDC),Isc (ADC),Riso (MOhm),Viso (V),Iclamp (Amp),ac/dc,Irr (W/m2),Ta (C),Tpv (C),HH:MM:SS,DD/MM/YYYY,FF,Vmpp (V),Impp(A),IVCurve
1,16,,36.7,1.187,>200,250,,,,,,10:47:47,2/3/2022,54.33,32.61,0.7,0.000:1.186:0:25:0:1,6.470:1.125:0:0:0:36240,8.918:1.076:0:1:0:36140,10.867:1.045:0:2:0:36090,13.069:1.013:0:3:0:36040,14.917:0.989:0:4:0:35990,16.644:0.964:0:5:0:35940,18.700:0.940:0:6:0:35890,20.750:0.918:0:7:0:35840,22.570:0.896:0:8:0:35790,24.313:0.875:0:9:0:35740,25.943:0.854:0:10:0:35690,27.354:0.832:0:11:0:35640,28.596:0.809:0:12:0:35590,30.758:0.764:0:13:0:35490,31.673:0.745:0:14:0:35440,32.613:0.725:0:15:0:35390,34.165:0.685:0:16:0:35290,34.806:0.667:0:17:0:35240,35.255:0.647:0:18:0:35190,35.581:0.627:0:19:0:35140,36.176:0.426:0:20:0:34540,36.444:0.273:0:21:0:33940,36.544:0.168:0:22:0:33340,36.611:0.096:0:23:0:32740,36.730:0.000:0:26:0:2,00,91D5
2,16,,38.4,4.263,>200,250,,,,,,11:5:16,2/3/2022,76.64,35.82,3.5,0.000:4.262:0:35:0:1,4.383:4.233:0:0:0:40000,7.335:4.161:0:1:0:39900,11.907:4.076:0:2:0:39800,20.117:3.958:0:3:0:39700,24.438:3.873:0:4:0:39600,27.283:3.780:0:5:0:39500,29.668:3.686:0:6:0:39400,31.145:3.641:0:7:0:39350,33.333:3.601:0:8:0:39300,34.605:3.545:0:9:0:39250,35.816:3.500:0:10:0:39200,36.128:3.459:0:11:0:39150,36.222:3.409:0:12:0:39100,36.267:3.356:0:13:0:39050,36.308:3.305:0:14:0:39000,36.362:3.256:0:15:0:38950,36.416:3.205:0:16:0:38900,36.471:3.157:0:17:0:38850,36.487:3.109:0:18:0:38800,36.523:3.063:0:19:0:38750,36.563:3.018:0:20:0:38700,36.580:2.971:0:21:0:38650,36.622:2.929:0:22:0:38600,36.656:2.879:0:23:0:38550,36.726:2.789:0:24:0:38450,36.738:2.744:0:25:0:38400,37.105:2.235:0:26:0:37800,37.391:1.781:0:27:0:37200,37.625:1.388:0:28:0:36600,37.816:1.044:0:29:0:36000,37.956:0.756:0:30:0:35400,38.077:0.529:0:31:0:34800,38.178:0.350:0:32:0:34200,38.242:0.218:0:33:0:33600,38.370:0.000:0:36:0:2,00,C66B
3,16,,37.8,4.101,>200,250,,,,,,11:17:4,2/3/2022,76.82,35.53,3.4,0.000:4.101:0:32:0:1,4.385:4.069:0:0:0:39840,13.743:3.912:0:1:0:39640,21.253:3.807:0:2:0:39540,24.960:3.719:0:3:0:39440,26.416:3.671:0:4:0:39390,27.498:3.628:0:5:0:39340,28.814:3.585:0:6:0:39290,30.190:3.538:0:7:0:39240,32.122:3.486:0:8:0:39190,33.797:3.445:0:9:0:39140,35.000:3.400:0:10:0:39090,35.525:3.353:0:11:0:39040,35.651:3.307:0:12:0:38990,35.698:3.260:0:13:0:38940,35.755:3.208:0:14:0:38890,35.834:3.108:0:15:0:38790,35.897:3.063:0:16:0:38740,35.908:3.013:0:17:0:38690,35.977:2.967:0:18:0:38640,36.004:2.926:0:19:0:38590,36.025:2.882:0:20:0:38540,36.055:2.835:0:21:0:38490,36.107:2.788:0:22:0:38440,36.463:2.274:0:23:0:37840,36.773:1.814:0:24:0:37240,37.007:1.418:0:25:0:36640,37.217:1.072:0:26:0:36040,37.374:0.781:0:27:0:35440,37.492:0.546:0:28:0:34840,37.628:0.364:0:29:0:34240,37.695:0.229:0:30:0:33640,37.809:0.000:0:33:0:2,00,B73C
4,16,,37.9,4.107,>200,250,,,,,,11:18:4,2/3/2022,77.09,35.17,3.4,0.000:4.107:0:34:0:1,4.366:4.073:0:0:0:39840,7.395:4.006:0:1:0:39740,13.756:3.917:0:2:0:39640,21.350:3.814:0:3:0:39540,25.122:3.727:0:4:0:39440,26.494:3.676:0:5:0:39390,27.729:3.633:0:6:0:39340,28.924:3.590:0:7:0:39290,30.488:3.542:0:8:0:39240,32.246:3.498:0:9:0:39190,34.021:3.452:0:10:0:39140,35.172:3.407:0:11:0:39090,35.592:3.358:0:12:0:39040,35.695:3.313:0:13:0:38990,35.742:3.265:0:14:0:38940,35.786:3.212:0:15:0:38890,35.846:3.164:0:16:0:38840,35.874:3.116:0:17:0:38790,35.935:3.068:0:18:0:38740,35.964:3.019:0:19:0:38690,35.983:2.979:0:20:0:38640,36.030:2.934:0:21:0:38590,36.069:2.889:0:22:0:38540,36.117:2.844:0:23:0:38490,36.133:2.798:0:24:0:38440,36.506:2.281:0:25:0:37840,36.811:1.821:0:26:0:37240,37.060:1.423:0:27:0:36640,37.254:1.076:0:28:0:36040,37.416:0.785:0:29:0:35440,37.540:0.550:0:30:0:34840,37.650:0.365:0:31:0:34240,37.709:0.230:0:32:0:33640,37.849:0.000:0:35:0:2,00,C1B0
5,16,,37.8,3.909,>200,1000,,,806.4,26.07,36.93,1:14:45,1/1/2012,76.17,35.20,3.2,0.000:3.909:802.5:32:0:1,5.506:3.807:802.5:0:0:39520,8.658:3.734:802.5:1:0:39420,12.196:3.629:802.5:2:0:39320,15.648:3.523:802.5:3:0:39220,18.179:3.484:798.7:4:0:39170,23.202:3.445:798.7:5:0:39120,27.298:3.407:798.7:6:0:39070,30.409:3.368:798.7:7:0:39020,32.236:3.329:798.7:8:0:38970,33.441:3.284:798.7:9:0:38920,34.520:3.237:798.7:10:0:38870,35.198:3.194:803.2:11:0:38820,35.538:3.151:803.2:12:0:38770,35.618:3.104:803.2:13:0:38720,35.692:3.061:803.2:14:0:38670,35.734:3.013:803.2:15:0:38620,35.781:2.965:803.2:16:0:38570,35.833:2.914:803.2:17:0:38520,35.884:2.869:801.8:18:0:38470,35.907:2.821:801.8:19:0:38420,35.947:2.775:801.8:20:0:38370,35.982:2.734:801.8:21:0:38320,36.019:2.690:801.8:22:0:38270,36.406:2.189:801.8:23:0:37670,36.721:1.748:801.8:24:0:37070,36.983:1.353:798.7:25:0:36470,37.182:1.024:798.7:26:0:35870,37.345:0.740:798.7:27:0:35270,37.479:0.514:798.7:28:0:34670,37.572:0.339:798.7:29:0:34070,37.648:0.211:798.7:30:0:33470,37.759:0.000:0:33:0:2,00,D49E
6,16,,37.7,3.964,,,,,797.3,25.28,36.53,1:15:52,1/1/2012,75.49,35.31,3.2,0.000:3.963:809.2:32:0:1,6.692:3.823:809.2:0:0:39520,9.806:3.739:809.2:1:0:39420,13.048:3.623:809.2:2:0:39320,16.371:3.533:809.2:3:0:39220,19.853:3.491:809.2:4:0:39170,24.550:3.455:809.2:5:0:39120,28.726:3.414:809.2:6:0:39070,31.005:3.372:809.1:7:0:39020,32.612:3.329:809.1:8:0:38970,33.786:3.288:809.1:9:0:38920,34.742:3.245:809.1:10:0:38870,35.308:3.196:809.1:11:0:38820,35.555:3.153:809.1:12:0:38770,35.621:3.109:809.1:13:0:38720,35.672:3.066:805.7:14:0:38670,35.717:3.016:805.7:15:0:38620,35.770:2.966:805.7:16:0:38570,35.804:2.921:805.7:17:0:38520,35.849:2.873:805.7:18:0:38470,35.892:2.829:805.7:19:0:38420,35.937:2.787:805.7:20:0:38370,35.974:2.741:805.7:21:0:38320,36.005:2.701:810.5:22:0:38270,36.392:2.195:810.5:23:0:37670,36.680:1.752:810.5:24:0:37070,36.951:1.359:810.5:25:0:36470,37.153:1.027:810.5:26:0:35870,37.330:0.741:810.5:27:0:35270,37.441:0.515:810.5:28:0:34670,37.550:0.341:810.5:29:0:34070,37.612:0.212:810.5:30:0:33470,37.719:0.000:0:33:0:2,00,D272
7,16,,39.4,7.156,,,,,,,,2:0:15,1/1/2012,64.65,36.32,5.0,0.000:7.156:0:43:0:1,6.575:7.026:0:0:0:41980,9.973:6.923:0:1:0:41880,12.222:6.764:0:2:0:41780,13.343:6.625:0:3:0:41680,14.625:6.486:0:4:0:41580,16.546:6.356:0:5:0:41480,20.599:6.252:0:6:0:41380,23.714:6.138:0:7:0:41280,23.899:6.000:0:8:0:41180,23.992:5.867:0:9:0:41080,24.066:5.734:0:10:0:40980,24.132:5.606:0:11:0:40880,24.214:5.475:0:12:0:40780,24.291:5.342:0:13:0:40680,24.379:5.206:0:14:0:40580,25.787:5.149:0:15:0:40530,30.148:5.108:0:16:0:40480,34.235:5.066:0:17:0:40430,36.322:5.012:0:18:0:40380,36.654:4.950:0:19:0:40330,36.721:4.889:0:20:0:40280,36.773:4.830:0:21:0:40230,36.869:4.718:0:22:0:40130,36.910:4.660:0:23:0:40080,36.945:4.598:0:24:0:40030,36.991:4.538:0:25:0:39980,37.068:4.419:0:26:0:39880,37.118:4.355:0:27:0:39830,37.149:4.295:0:28:0:39780,37.175:4.236:0:29:0:39730,37.226:4.182:0:30:0:39680,37.247:4.124:0:31:0:39630,37.290:4.068:0:32:0:39580,37.674:3.421:0:33:0:38980,38.001:2.844:0:34:0:38380,38.274:2.317:0:35:0:37780,38.506:1.859:0:36:0:37180,38.710:1.449:0:37:0:36580,38.869:1.103:0:38:0:35980,39.000:0.807:0:39:0:35380,39.105:0.564:0:40:0:34780,39.194:0.378:0:41:0:34180,39.349:0.000:0:44:0:2,00,EF9F
8,16,,40.3,7.809,,,,,989.0,22.81,28.82,2:11:9,1/1/2012,68.04,37.33,5.7,0.000:7.808:964.0:40:0:1,5.238:7.732:964.0:0:0:42480,7.481:7.648:959.4:1:0:42380,10.893:7.518:959.4:2:0:42280,12.279:7.347:959.4:3:0:42180,13.129:7.203:959.4:4:0:42080,14.050:7.065:959.4:5:0:41980,15.183:6.922:959.4:6:0:41880,16.811:6.794:959.4:7:0:41780,24.462:6.550:959.3:8:0:41580,27.365:6.299:959.3:9:0:41380,29.379:6.031:959.3:10:0:41180,30.104:5.970:959.3:11:0:41130,31.160:5.907:959.2:12:0:41080,32.945:5.849:959.2:13:0:41030,35.593:5.790:959.2:14:0:40980,37.326:5.734:959.2:15:0:40930,37.709:5.672:959.2:16:0:40880,37.764:5.601:959.2:17:0:40830,37.806:5.535:959.2:18:0:40780,37.850:5.469:959.2:19:0:40730,37.881:5.405:957.3:20:0:40680,37.917:5.338:957.3:21:0:40630,37.946:5.272:957.3:22:0:40580,37.983:5.214:957.3:23:0:40530,38.020:5.152:957.3:24:0:40480,38.048:5.088:957.3:25:0:40430,38.083:5.024:957.3:26:0:40380,38.127:4.959:956.5:27:0:40330,38.147:4.898:956.5:28:0:40280,38.165:4.834:956.5:29:0:40230,38.536:4.118:956.5:30:0:39630,38.848:3.460:956.5:31:0:39030,39.120:2.874:956.5:32:0:38430,39.360:2.345:956.5:33:0:37830,39.537:1.879:955.2:34:0:37230,39.718:1.468:955.2:35:0:36630,39.851:1.114:955.2:36:0:36030,39.974:0.820:955.2:37:0:35430,40.069:0.578:955.2:38:0:34830,40.290:0.000:0:41:0:2,00,041C
9,16,,40.5,9.099,,,,,751.3,23.36,28.62,2:20:11,1/1/2012,58.59,38.04,5.7,0.000:9.098:941.5:45:0:1,12.099:8.796:941.5:0:0:43040,14.706:8.614:941.5:1:0:42940,15.830:8.459:941.5:2:0:42840,17.312:8.314:941.5:3:0:42740,20.923:8.188:941.5:4:0:42640,24.269:8.056:941.5:5:0:42540,24.433:7.907:941.5:6:0:42440,24.520:7.750:942.0:7:0:42340,24.586:7.582:942.0:8:0:42240,24.660:7.425:942.0:9:0:42140,24.721:7.271:942.0:10:0:42040,24.799:7.126:942.0:11:0:41940,24.857:6.970:942.0:12:0:41840,24.931:6.820:942.0:13:0:41740,25.351:6.671:938.8:14:0:41640,26.510:6.526:938.8:15:0:41540,27.195:6.388:938.8:16:0:41440,28.005:6.251:938.8:17:0:41340,28.499:6.177:938.8:18:0:41290,28.937:6.117:938.8:19:0:41240,29.549:6.041:938.8:20:0:41190,30.211:5.979:938.8:21:0:41140,31.128:5.915:937.9:22:0:41090,32.503:5.854:937.9:23:0:41040,34.882:5.795:937.9:24:0:40990,37.159:5.737:937.9:25:0:40940,38.040:5.678:937.9:26:0:40890,38.135:5.611:937.9:27:0:40840,38.171:5.549:936.1:28:0:40790,38.214:5.486:936.1:29:0:40740,38.245:5.418:936.1:30:0:40690,38.282:5.359:936.1:31:0:40640,38.305:5.287:936.1:32:0:40590,38.340:5.224:936.1:33:0:40540,38.376:5.162:936.1:34:0:40490,38.400:5.097:936.1:35:0:40440,38.443:5.025:936.7:36:0:40390,38.778:4.292:936.7:37:0:39790,39.084:3.615:936.7:38:0:39190,39.351:3.017:936.7:39:0:38590,39.768:1.992:936.7:40:0:37390,39.936:1.563:936.7:41:0:36790,40.080:1.197:933.4:42:0:36190,40.202:0.888:933.4:43:0:35590,40.519:0.000:0:46:0:2,00,22E7
10,16,,40.9,9.137,,,,,420.4,23.95,25.54,2:42:24,1/1/2012,60.56,38.33,5.9,0.000:9.136:956.2:47:0:1,8.165:8.906:956.2:0:0:43140,12.179:8.797:956.2:1:0:43040,15.284:8.624:956.2:2:0:42940,16.546:8.479:956.2:3:0:42840,18.422:8.335:956.2:4:0:42740,22.911:8.214:956.1:5:0:42640,24.647:8.055:956.1:6:0:42540,24.732:7.902:956.1:7:0:42440,24.820:7.755:956.1:8:0:42340,24.899:7.596:956.1:9:0:42240,24.973:7.441:956.1:10:0:42140,25.051:7.276:956.1:11:0:42040,25.314:7.131:956.1:12:0:41940,25.880:6.984:956.1:13:0:41840,26.491:6.835:956.1:14:0:41740,27.146:6.686:956.1:15:0:41640,27.883:6.549:956.1:16:0:41540,28.737:6.405:956.1:17:0:41440,29.761:6.271:956.1:18:0:41340,30.455:6.204:956.1:19:0:41290,31.259:6.136:953.5:20:0:41240,35.056:6.014:953.5:21:0:41140,37.302:5.959:953.5:22:0:41090,38.330:5.896:953.5:23:0:41040,38.436:5.831:953.5:24:0:40990,38.466:5.759:953.5:25:0:40940,38.514:5.690:953.9:26:0:40890,38.548:5.621:953.9:27:0:40840,38.583:5.552:953.9:28:0:40790,38.611:5.489:953.9:29:0:40740,38.651:5.422:953.9:30:0:40690,38.667:5.358:953.9:31:0:40640,38.708:5.298:953.9:32:0:40590,38.728:5.229:953.2:33:0:40540,38.748:5.171:953.2:34:0:40490,38.770:5.105:953.2:35:0:40440,38.810:5.044:953.2:36:0:40390,39.154:4.295:953.2:37:0:39790,39.442:3.625:953.2:38:0:39190,39.709:3.025:953.2:39:0:38590,39.925:2.476:951.8:40:0:37990,40.117:1.992:951.8:41:0:37390,40.287:1.569:951.8:42:0:36790,40.416:1.202:951.8:43:0:36190,40.541:0.886:951.8:44:0:35590,40.634:0.628:951.8:45:0:34990,40.849:0.000:0:48:0:2,00,2F55
11,16,,40.6,7.047,,,,,595.8,23.65,27.33,2:50:14,1/1/2012,64.20,38.27,4.8,0.000:7.046:683.1:43:0:1,5.097:6.937:683.1:0:0:41980,6.537:6.821:683.1:1:0:41880,8.636:6.694:683.1:2:0:41780,11.329:6.571:683.1:3:0:41680,23.417:6.354:682.4:4:0:41480,24.953:6.233:682.4:5:0:41380,25.062:6.091:682.4:6:0:41280,25.148:5.957:682.4:7:0:41180,25.247:5.824:682.4:8:0:41080,26.082:5.694:682.4:9:0:40980,26.744:5.565:682.4:10:0:40880,27.444:5.448:682.4:11:0:40780,28.254:5.317:682.4:12:0:40680,29.198:5.192:682.4:13:0:40580,29.762:5.133:682.4:14:0:40530,30.432:5.073:682.4:15:0:40480,31.235:5.013:682.4:16:0:40430,32.517:4.954:682.3:17:0:40380,34.474:4.902:682.3:18:0:40330,36.877:4.854:682.3:19:0:40280,38.269:4.795:682.3:20:0:40230,38.559:4.734:682.3:21:0:40180,38.605:4.674:682.3:22:0:40130,38.634:4.617:682.3:23:0:40080,38.662:4.561:679.8:24:0:40030,38.703:4.499:679.8:25:0:39980,38.720:4.442:679.8:26:0:39930,38.751:4.381:679.8:27:0:39880,38.779:4.326:679.8:28:0:39830,38.795:4.266:679.8:29:0:39780,38.809:4.207:679.8:30:0:39730,38.850:4.153:679.8:31:0:39680,38.869:4.094:677.8:32:0:39630,38.898:4.032:677.8:33:0:39580,39.207:3.393:677.8:34:0:38980,39.452:2.808:677.8:35:0:38380,39.676:2.295:677.8:36:0:37780,39.870:1.831:677.8:37:0:37180,40.034:1.424:677.8:38:0:36580,40.174:1.080:678.3:39:0:35980,40.364:0.552:678.3:40:0:34780,40.423:0.366:678.3:41:0:34180,40.570:0.000:0:44:0:2,00,16C2
12,16,,40.5,9.136,,,,,631.7,24.44,27.03,4:13:8,1/1/2012,52.77,24.16,8.1,0.000:9.136:618.6:34:0:1,6.373:9.057:618.6:0:0:43300,10.103:8.962:617.8:1:0:43200,13.068:8.785:617.8:2:0:43100,14.191:8.623:617.8:3:0:43000,14.771:8.546:617.8:4:0:42950,15.398:8.478:617.8:5:0:42900,16.233:8.401:617.8:6:0:42850,17.376:8.335:617.8:7:0:42800,19.354:8.272:617.2:8:0:42750,22.244:8.210:617.2:9:0:42700,23.885:8.145:617.2:10:0:42650,24.164:8.070:617.2:11:0:42600,24.231:7.990:617.2:12:0:42550,24.267:7.924:617.2:13:0:42500,24.315:7.842:617.2:14:0:42450,24.350:7.762:616.5:15:0:42400,24.388:7.685:616.5:16:0:42350,24.427:7.604:616.5:17:0:42300,24.452:7.527:616.5:18:0:42250,24.497:7.434:616.5:19:0:42200,24.514:7.355:616.5:20:0:42150,24.541:7.277:616.5:21:0:42100,24.582:7.198:615.9:22:0:42050,24.955:6.308:615.9:23:0:41450,28.538:5.485:615.9:24:0:40850,38.291:4.774:615.9:25:0:40250,38.705:4.062:615.9:26:0:39650,39.023:3.404:615.9:27:0:39050,39.292:2.825:615.9:28:0:38450,39.516:2.295:615.9:29:0:37850,39.887:1.428:615.9:30:0:36650,40.023:1.082:615.9:31:0:36050,40.133:0.794:615.9:32:0:35450,40.450:0.000:0:35:0:2,00,DE89
13,16,,40.7,10.21,,,,,620.9,24.25,27.53,4:40:22,1/1/2012,79.51,36.26,9.1,0.000:10.207:611.0:39:0:1,5.734:10.186:611.0:0:0:43960,8.481:10.118:611.0:1:0:43860,22.545:9.891:611.0:2:0:43660,26.056:9.765:611.0:3:0:43560,26.942:9.610:611.0:4:0:43460,29.677:9.297:610.2:5:0:43260,34.532:9.174:610.2:6:0:43160,36.262:9.108:610.2:7:0:43110,36.446:9.035:610.2:8:0:43060,36.532:8.937:610.2:9:0:43010,36.622:8.855:610.2:10:0:42960,36.689:8.768:610.2:11:0:42910,36.743:8.688:610.3:12:0:42860,36.792:8.614:610.3:13:0:42810,36.852:8.526:610.3:14:0:42760,36.916:8.445:610.3:15:0:42710,36.961:8.356:610.3:16:0:42660,37.007:8.265:610.3:17:0:42610,37.067:8.182:610.3:18:0:42560,37.104:8.095:607.0:19:0:42510,37.161:8.012:607.0:20:0:42460,37.187:7.925:607.0:21:0:42410,37.241:7.854:607.0:22:0:42360,37.283:7.776:607.0:23:0:42310,37.325:7.691:607.0:24:0:42260,37.360:7.614:607.0:25:0:42210,37.885:6.671:607.0:26:0:41610,38.326:5.798:608.3:27:0:41010,38.697:4.985:608.3:28:0:40410,39.018:4.247:608.3:29:0:39810,39.316:3.587:608.3:30:0:39210,39.577:2.972:608.3:31:0:38610,39.789:2.438:608.3:32:0:38010,39.972:1.951:608.3:33:0:37410,40.135:1.533:605.7:34:0:36810,40.275:1.175:605.7:35:0:36210,40.391:0.865:605.7:36:0:35610,40.474:0.611:605.7:37:0:35010,40.700:0.000:0:40:0:2,00,FD1C
14,16,,40.7,10.13,,,,,617.8,24.74,27.03,4:59:28,1/1/2012,79.70,36.21,9.1,0.000:10.134:689.8:38:0:1,8.859:9.981:689.8:0:0:43800,13.304:9.868:689.8:1:0:43700,19.172:9.722:689.8:2:0:43600,24.706:9.614:689.8:3:0:43500,27.483:9.476:689.8:4:0:43400,28.830:9.329:689.8:5:0:43300,32.126:9.192:689.8:6:0:43200,35.064:9.132:665.6:7:0:43150,36.211:9.068:665.6:8:0:43100,36.364:8.992:665.6:9:0:43050,36.458:8.905:665.6:10:0:43000,36.527:8.805:665.6:11:0:42950,36.596:8.727:665.6:12:0:42900,36.666:8.639:665.6:13:0:42850,36.731:8.568:598.8:14:0:42800,36.833:8.396:598.8:15:0:42700,36.899:8.316:598.8:16:0:42650,36.942:8.223:598.8:17:0:42600,37.041:8.051:598.8:18:0:42500,37.087:7.970:598.1:19:0:42450,37.137:7.893:598.1:20:0:42400,37.166:7.810:598.1:21:0:42350,37.219:7.738:598.1:22:0:42300,37.265:7.661:598.1:23:0:42250,37.298:7.577:598.1:24:0:42200,37.833:6.642:598.1:25:0:41600,38.269:5.767:598.1:26:0:41000,38.659:4.954:597.5:27:0:40400,38.995:4.219:597.5:28:0:39800,39.285:3.558:597.5:29:0:39200,39.531:2.950:597.5:30:0:38600,39.753:2.415:597.5:31:0:38000,39.938:1.934:597.5:32:0:37400,40.100:1.516:597.5:33:0:36800,40.240:1.157:597.5:34:0:36200,40.356:0.854:597.5:35:0:35600,40.450:0.599:597.5:36:0:35000,40.660:0.000:0:39:0:2,00,F8C6
 